model,sigma_mean_RMSE
null,0.9220073020460703
VM0,0.20753217125321785
VM1,0.1264794809055309
VM2,0.13928715506443426
